method,planted_wgds,duprate,simid,dup_cost,solution_cost,solution_nbdups,solution_nblosses,time
insider,1,10,1,5,11.0,2.0,1.0,0.063
insider_relax,1,10,1,5,11.0,2.0,1.0,0.064
insider,1,10,1,10,21.0,2.0,1.0,0.065
insider_relax,1,10,1,10,21.0,2.0,1.0,0.065
insider,1,10,1,15,31.0,2.0,1.0,0.067
insider_relax,1,10,1,15,31.0,2.0,1.0,0.065
insider,1,10,1,20,41.0,2.0,1.0,0.062
insider_relax,1,10,1,20,41.0,2.0,1.0,0.064
insider,1,10,1,25,51.0,2.0,1.0,0.065
insider_relax,1,10,1,25,51.0,2.0,1.0,0.068
insider,1,7,1,5,300.0,51.0,45.0,0.133
insider_relax,1,7,1,5,300.0,51.0,45.0,0.174
insider,1,7,1,10,545.0,47.0,75.0,0.274
insider_relax,1,7,1,10,545.0,47.0,75.0,0.434
insider,1,7,1,15,780.0,47.0,75.0,0.534
insider_relax,1,7,1,15,780.0,47.0,75.0,0.743
insider,1,7,1,20,1015.0,47.0,75.0,1.486
insider_relax,1,7,1,20,1015.0,47.0,75.0,2.470
insider,1,7,1,25,1250.0,47.0,75.0,10.704
insider_relax,1,7,1,25,1250.0,47.0,75.0,15.369
insider,2,10,1,5,29.0,5.0,4.0,0.168
insider_relax,2,10,1,5,29.0,5.0,4.0,0.152
insider,2,10,1,10,54.0,5.0,4.0,0.166
insider_relax,2,10,1,10,54.0,5.0,4.0,0.160
insider,2,10,1,15,79.0,5.0,4.0,0.159
insider_relax,2,10,1,15,79.0,5.0,4.0,0.156
insider,2,10,1,20,104.0,5.0,4.0,0.153
insider_relax,2,10,1,20,104.0,5.0,4.0,0.144
insider,2,10,1,25,129.0,5.0,4.0,0.151
insider_relax,2,10,1,25,129.0,5.0,4.0,0.147
insider,2,7,1,5,1377.0,108.0,837.0,0.174
insider_relax,2,7,1,5,1377.0,108.0,837.0,0.184
insider,2,7,1,10,1888.0,95.0,938.0,0.282
insider_relax,2,7,1,10,1888.0,95.0,938.0,0.328
insider,2,7,1,15,2356.0,91.0,991.0,0.431
insider_relax,2,7,1,15,2356.0,91.0,991.0,0.471
insider,2,7,1,20,2804.0,88.0,1044.0,0.790
insider_relax,2,7,1,20,2804.0,88.0,1044.0,0.936
insider,2,7,1,25,3237.0,85.0,1112.0,1.297
insider_relax,2,7,1,25,3237.0,85.0,1112.0,1.611
insider,1,10,2,5,11.0,2.0,1.0,0.079
insider_relax,1,10,2,5,11.0,2.0,1.0,0.079
insider,1,10,2,10,21.0,2.0,1.0,0.080
insider_relax,1,10,2,10,21.0,2.0,1.0,0.079
insider,1,10,2,15,31.0,2.0,1.0,0.079
insider_relax,1,10,2,15,31.0,2.0,1.0,0.079
insider,1,10,2,20,41.0,2.0,1.0,0.080
insider_relax,1,10,2,20,41.0,2.0,1.0,0.080
insider,1,10,2,25,51.0,2.0,1.0,0.080
insider_relax,1,10,2,25,51.0,2.0,1.0,0.084
insider,1,7,2,5,505.0,67.0,170.0,0.100
insider_relax,1,7,2,5,505.0,67.0,170.0,0.119
insider,1,7,2,10,836.0,66.0,176.0,0.157
insider_relax,1,7,2,10,836.0,66.0,176.0,0.238
insider,1,7,2,15,1163.0,64.0,203.0,0.322
insider_relax,1,7,2,15,1163.0,64.0,203.0,0.401
insider,1,7,2,20,1476.0,62.0,236.0,1.348
insider_relax,1,7,2,20,1476.0,62.0,236.0,2.309
insider,1,7,2,25,1782.0,61.0,257.0,7.845
insider_relax,1,7,2,25,1782.0,61.0,257.0,9.678
insider,2,10,2,5,21.0,4.0,1.0,0.054
insider_relax,2,10,2,5,21.0,4.0,1.0,0.054
insider,2,10,2,10,41.0,4.0,1.0,0.054
insider_relax,2,10,2,10,41.0,4.0,1.0,0.052
insider,2,10,2,15,61.0,4.0,1.0,0.055
insider_relax,2,10,2,15,61.0,4.0,1.0,0.053
insider,2,10,2,20,81.0,4.0,1.0,0.054
insider_relax,2,10,2,20,81.0,4.0,1.0,0.055
insider,2,10,2,25,101.0,4.0,1.0,0.057
insider_relax,2,10,2,25,101.0,4.0,1.0,0.054
insider,2,7,2,5,2984.0,193.0,2019.0,0.219
insider_relax,2,7,2,5,2984.0,192.0,2024.0,0.239
insider,2,7,2,10,3888.0,171.0,2178.0,0.346
insider_relax,2,7,2,10,3888.0,170.0,2188.0,0.432
insider,2,7,2,15,4710.0,161.0,2295.0,0.745
insider_relax,2,7,2,15,4710.0,161.0,2295.0,0.980
insider,2,7,2,20,5484.0,150.0,2484.0,1.682
insider_relax,2,7,2,20,5484.0,150.0,2484.0,3.435
insider,2,7,2,25,6227.0,146.0,2577.0,7.133
insider_relax,2,7,2,25,6227.0,146.0,2577.0,18.159
insider,1,10,3,5,5.0,1.0,0.0,0.074
insider_relax,1,10,3,5,5.0,1.0,0.0,0.073
insider,1,10,3,10,10.0,1.0,0.0,0.072
insider_relax,1,10,3,10,10.0,1.0,0.0,0.073
insider,1,10,3,15,15.0,1.0,0.0,0.072
insider_relax,1,10,3,15,15.0,1.0,0.0,0.073
insider,1,10,3,20,20.0,1.0,0.0,0.073
insider_relax,1,10,3,20,20.0,1.0,0.0,0.075
insider,1,10,3,25,25.0,1.0,0.0,0.073
insider_relax,1,10,3,25,25.0,1.0,0.0,0.075
insider,1,7,3,5,294.0,43.0,79.0,0.080
insider_relax,1,7,3,5,294.0,43.0,79.0,0.092
insider,1,7,3,10,507.0,41.0,97.0,0.144
insider_relax,1,7,3,10,507.0,41.0,97.0,0.216
insider,1,7,3,15,710.0,39.0,125.0,0.459
insider_relax,1,7,3,15,710.0,39.0,125.0,0.540
insider,1,7,3,20,905.0,39.0,125.0,1.292
insider_relax,1,7,3,20,905.0,39.0,125.0,1.930
insider,1,7,3,25,1095.0,37.0,170.0,4.923
insider_relax,1,7,3,25,1095.0,37.0,170.0,6.186
insider,2,10,3,5,16.0,3.0,1.0,0.101
insider_relax,2,10,3,5,16.0,3.0,1.0,0.106
insider,2,10,3,10,31.0,3.0,1.0,0.100
insider_relax,2,10,3,10,31.0,3.0,1.0,0.102
insider,2,10,3,15,46.0,3.0,1.0,0.101
insider_relax,2,10,3,15,46.0,3.0,1.0,0.100
insider,2,10,3,20,61.0,3.0,1.0,0.103
insider_relax,2,10,3,20,61.0,3.0,1.0,0.104
insider,2,10,3,25,76.0,3.0,1.0,0.102
insider_relax,2,10,3,25,76.0,3.0,1.0,0.105
insider,2,7,3,5,2123.0,141.0,1418.0,0.232
insider_relax,2,7,3,5,2123.0,140.0,1423.0,0.243
insider,2,7,3,10,2810.0,132.0,1490.0,0.362
insider_relax,2,7,3,10,2810.0,132.0,1490.0,0.442
insider,2,7,3,15,3455.0,125.0,1580.0,0.746
insider_relax,2,7,3,15,3455.0,125.0,1580.0,0.962
insider,2,7,3,20,4068.0,120.0,1668.0,1.524
insider_relax,2,7,3,20,4068.0,120.0,1668.0,2.467
insider,2,7,3,25,4661.0,115.0,1786.0,4.707
insider_relax,2,7,3,25,4661.0,115.0,1786.0,7.917
insider,1,10,4,5,5.0,1.0,0.0,0.044
insider_relax,1,10,4,5,5.0,1.0,0.0,0.049
insider,1,10,4,10,10.0,1.0,0.0,0.043
insider_relax,1,10,4,10,10.0,1.0,0.0,0.047
insider,1,10,4,15,15.0,1.0,0.0,0.042
insider_relax,1,10,4,15,15.0,1.0,0.0,0.046
insider,1,10,4,20,20.0,1.0,0.0,0.046
insider_relax,1,10,4,20,20.0,1.0,0.0,0.043
insider,1,10,4,25,25.0,1.0,0.0,0.044
insider_relax,1,10,4,25,25.0,1.0,0.0,0.045
insider,1,7,4,5,424.0,55.0,149.0,0.080
insider_relax,1,7,4,5,424.0,55.0,149.0,0.092
insider,1,7,4,10,682.0,50.0,182.0,0.107
insider_relax,1,7,4,10,682.0,50.0,182.0,0.140
insider,1,7,4,15,932.0,50.0,182.0,0.188
insider_relax,1,7,4,15,932.0,50.0,182.0,0.201
insider,1,7,4,20,1182.0,50.0,182.0,0.466
insider_relax,1,7,4,20,1182.0,50.0,182.0,0.784
insider,1,7,4,25,1430.0,49.0,205.0,1.526
insider_relax,1,7,4,25,1430.0,49.0,205.0,1.880
insider,2,10,4,5,12.0,2.0,2.0,0.167
insider_relax,2,10,4,5,12.0,2.0,2.0,0.171
insider,2,10,4,10,22.0,2.0,2.0,0.171
insider_relax,2,10,4,10,22.0,2.0,2.0,0.166
insider,2,10,4,15,32.0,2.0,2.0,0.169
insider_relax,2,10,4,15,32.0,2.0,2.0,0.169
insider,2,10,4,20,42.0,2.0,2.0,0.168
insider_relax,2,10,4,20,42.0,2.0,2.0,0.167
insider,2,10,4,25,52.0,2.0,2.0,0.167
insider_relax,2,10,4,25,52.0,2.0,2.0,0.174
insider,2,7,4,5,2899.0,135.0,2224.0,0.168
insider_relax,2,7,4,5,2899.0,135.0,2224.0,0.187
insider,2,7,4,10,3546.0,126.0,2286.0,0.240
insider_relax,2,7,4,10,3546.0,126.0,2286.0,0.265
insider,2,7,4,15,4168.0,122.0,2338.0,0.397
insider_relax,2,7,4,15,4168.0,121.0,2353.0,0.498
insider,2,7,4,20,4765.0,117.0,2425.0,0.893
insider_relax,2,7,4,20,4765.0,117.0,2425.0,1.180
insider,2,7,4,25,5333.0,111.0,2558.0,1.943
insider_relax,2,7,4,25,5333.0,111.0,2558.0,3.063
insider,1,10,5,5,12.0,2.0,2.0,0.042
insider_relax,1,10,5,5,12.0,2.0,2.0,0.045
insider,1,10,5,10,22.0,2.0,2.0,0.042
insider_relax,1,10,5,10,22.0,2.0,2.0,0.046
insider,1,10,5,15,32.0,2.0,2.0,0.042
insider_relax,1,10,5,15,32.0,2.0,2.0,0.046
insider,1,10,5,20,42.0,2.0,2.0,0.044
insider_relax,1,10,5,20,42.0,2.0,2.0,0.046
insider,1,10,5,25,52.0,2.0,2.0,0.046
insider_relax,1,10,5,25,52.0,2.0,2.0,0.046
insider,1,7,5,5,146.0,21.0,41.0,0.053
insider_relax,1,7,5,5,146.0,21.0,41.0,0.067
insider,1,7,5,10,247.0,20.0,47.0,0.072
insider_relax,1,7,5,10,247.0,20.0,47.0,0.111
insider,1,7,5,15,347.0,20.0,47.0,0.123
insider_relax,1,7,5,15,347.0,20.0,47.0,0.137
insider,1,7,5,20,447.0,20.0,47.0,0.374
insider_relax,1,7,5,20,447.0,20.0,47.0,0.461
insider,1,7,5,25,543.0,19.0,68.0,0.825
insider_relax,1,7,5,25,543.0,19.0,68.0,0.962
insider,2,10,5,5,27.0,4.0,7.0,0.119
insider_relax,2,10,5,5,27.0,4.0,7.0,0.112
insider,2,10,5,10,47.0,4.0,7.0,0.115
insider_relax,2,10,5,10,47.0,4.0,7.0,0.123
insider,2,10,5,15,67.0,4.0,7.0,0.120
insider_relax,2,10,5,15,67.0,4.0,7.0,0.119
insider,2,10,5,20,87.0,4.0,7.0,0.126
insider_relax,2,10,5,20,87.0,4.0,7.0,0.125
insider,2,10,5,25,107.0,4.0,7.0,0.127
insider_relax,2,10,5,25,107.0,4.0,7.0,0.128
insider,2,7,5,5,1844.0,141.0,1139.0,0.182
insider_relax,2,7,5,5,1844.0,141.0,1139.0,0.200
insider,2,7,5,10,2515.0,127.0,1245.0,0.277
insider_relax,2,7,5,10,2515.0,127.0,1245.0,0.327
insider,2,7,5,15,3143.0,124.0,1283.0,0.470
insider_relax,2,7,5,15,3143.0,124.0,1283.0,0.527
insider,2,7,5,20,3754.0,120.0,1354.0,0.882
insider_relax,2,7,5,20,3754.0,120.0,1354.0,1.170
insider,2,7,5,25,4347.0,118.0,1397.0,2.171
insider_relax,2,7,5,25,4347.0,118.0,1397.0,2.878
insider,1,10,6,5,15.0,3.0,0.0,0.053
insider_relax,1,10,6,5,15.0,3.0,0.0,0.054
insider,1,10,6,10,30.0,3.0,0.0,0.054
insider_relax,1,10,6,10,30.0,3.0,0.0,0.052
insider,1,10,6,15,45.0,3.0,0.0,0.055
insider_relax,1,10,6,15,45.0,3.0,0.0,0.054
insider,1,10,6,20,60.0,3.0,0.0,0.055
insider_relax,1,10,6,20,60.0,3.0,0.0,0.057
insider,1,10,6,25,75.0,3.0,0.0,0.054
insider_relax,1,10,6,25,75.0,3.0,0.0,0.054
insider,1,7,6,5,518.0,61.0,213.0,0.075
insider_relax,1,7,6,5,518.0,61.0,213.0,0.094
insider,1,7,6,10,819.0,59.0,229.0,0.144
insider_relax,1,7,6,10,819.0,59.0,229.0,0.242
insider,1,7,6,15,1108.0,55.0,283.0,0.687
insider_relax,1,7,6,15,1108.0,55.0,283.0,1.351
insider,1,7,6,20,1378.0,53.0,318.0,13.542
insider_relax,1,7,6,20,1378.0,53.0,318.0,45.020
insider,1,7,6,25,1634.0,51.0,359.0,209.650
insider_relax,1,7,6,25,1378.0,53.0,318.0,110.559
